"Data Source","World Development Indicators",

"Last Updated Date","2019-07-10",

"Country Name","Country Code","Indicator Name","Indicator Code","1960","1961","1962","1963","1964","1965","1966","1967","1968","1969","1970","1971","1972","1973","1974","1975","1976","1977","1978","1979","1980","1981","1982","1983","1984","1985","1986","1987","1988","1989","1990","1991","1992","1993","1994","1995","1996","1997","1998","1999","2000","2001","2002","2003","2004","2005","2006","2007","2008","2009","2010","2011","2012","2013","2014","2015","2016","2017","2018",
"Aruba","ABW","Antiretroviral therapy coverage (% of people living with HIV)","SH.HIV.ARTC.ZS","","","","","","","","","","","","","","","","","","","","","","","","","","","","","","","","","","","","","","","","","","","","","","","","","","","","","","","","","","","",
"Afghanistan","AFG","Antiretroviral therapy coverage (% of people living with HIV)","SH.HIV.ARTC.ZS","","","","","","","","","","","","","","","","","","","","","","","","","","","","","","","","","","","","","","","","","","","","","","","","","","","","","","","","","","","",
"Angola","AGO","Antiretroviral therapy coverage (% of people living with HIV)","SH.HIV.ARTC.ZS","","","","","","","","","","","","","","","","","","","","","","","","","","","","","","","","","","","","","","","","","0","0","0","0","0","0","3","4","6","8","10","12","13","19","23","25","24","26","",
"Albania","ALB","Antiretroviral therapy coverage (% of people living with HIV)","SH.HIV.ARTC.ZS","","","","","","","","","","","","","","","","","","","","","","","","","","","","","","","","","","","","","","","","","0","0","0","0","4","8","9","10","14","16","16","20","24","31","33","36","40","42","",
"Andorra","AND","Antiretroviral therapy coverage (% of people living with HIV)","SH.HIV.ARTC.ZS","","","","","","","","","","","","","","","","","","","","","","","","","","","","","","","","","","","","","","","","","","","","","","","","","","","","","","","","","","","",
"Arab World","ARB","Antiretroviral therapy coverage (% of people living with HIV)","SH.HIV.ARTC.ZS","","","","","","","","","","","","","","","","","","","","","","","","","","","","","","","","","","","","","","","","","","","","","","","","","","","","","","","","","","","",
"United Arab Emirates","ARE","Antiretroviral therapy coverage (% of people living with HIV)","SH.HIV.ARTC.ZS","","","","","","","","","","","","","","","","","","","","","","","","","","","","","","","","","","","","","","","","","","","","","","","","","","","","","","","","","","","",
"Argentina","ARG","Antiretroviral therapy coverage (% of people living with HIV)","SH.HIV.ARTC.ZS","","","","","","","","","","","","","","","","","","","","","","","","","","","","","","","","","","","","","","","","","24","28","31","34","37","38","41","45","47","49","52","54","56","59","61","63","64","66","",
"Armenia","ARM","Antiretroviral therapy coverage (% of people living with HIV)","SH.HIV.ARTC.ZS","","","","","","","","","","","","","","","","","","","","","","","","","","","","","","","","","","","","","","","","","0","0","0","0","0","1","1","2","3","5","7","9","13","17","21","27","35","45","",
"American Samoa","ASM","Antiretroviral therapy coverage (% of people living with HIV)","SH.HIV.ARTC.ZS","","","","","","","","","","","","","","","","","","","","","","","","","","","","","","","","","","","","","","","","","","","","","","","","","","","","","","","","","","","",
"Antigua and Barbuda","ATG","Antiretroviral therapy coverage (% of people living with HIV)","SH.HIV.ARTC.ZS","","","","","","","","","","","","","","","","","","","","","","","","","","","","","","","","","","","","","","","","","","","","","","","","","","","","","","","","","","","",
"Australia","AUS","Antiretroviral therapy coverage (% of people living with HIV)","SH.HIV.ARTC.ZS","","","","","","","","","","","","","","","","","","","","","","","","","","","","","","","","","","","","","","","","","48","50","48","49","49","53","57","57","56","58","63","62","68","73","76","79","81","82","",
"Austria","AUT","Antiretroviral therapy coverage (% of people living with HIV)","SH.HIV.ARTC.ZS","","","","","","","","","","","","","","","","","","","","","","","","","","","","","","","","","","","","","","","","","29","32","48","48","46","51","56","60","62","63","64","67","70","74","77","78","84","86","",
"Azerbaijan","AZE","Antiretroviral therapy coverage (% of people living with HIV)","SH.HIV.ARTC.ZS","","","","","","","","","","","","","","","","","","","","","","","","","","","","","","","","","","","","","","","","","0","0","0","0","0","0","0","2","4","6","10","16","20","27","26","33","38","46","",
"Burundi","BDI","Antiretroviral therapy coverage (% of people living with HIV)","SH.HIV.ARTC.ZS","","","","","","","","","","","","","","","","","","","","","","","","","","","","","","","","","","","","","","","","","0","1","1","1","4","6","8","12","16","21","28","33","37","42","48","55","67","77","",
"Belgium","BEL","Antiretroviral therapy coverage (% of people living with HIV)","SH.HIV.ARTC.ZS","","","","","","","","","","","","","","","","","","","","","","","","","","","","","","","","","","","","","","","","","","","","","","","","","","","","","","","","","","","",
"Benin","BEN","Antiretroviral therapy coverage (% of people living with HIV)","SH.HIV.ARTC.ZS","","","","","","","","","","","","","","","","","","","","","","","","","","","","","","","","","","","","","","","","","0","0","0","0","0","0","0","0","21","27","33","41","44","38","43","50","56","55","",
"Burkina Faso","BFA","Antiretroviral therapy coverage (% of people living with HIV)","SH.HIV.ARTC.ZS","","","","","","","","","","","","","","","","","","","","","","","","","","","","","","","","","","","","","","","","","0","0","0","1","3","7","11","14","20","26","32","37","40","44","49","56","61","65","",
"Bangladesh","BGD","Antiretroviral therapy coverage (% of people living with HIV)","SH.HIV.ARTC.ZS","","","","","","","","","","","","","","","","","","","","","","","","","","","","","","","","","","","","","","","","","0","0","0","0","0","0","1","1","2","4","4","6","7","9","11","12","14","19","",
"Bulgaria","BGR","Antiretroviral therapy coverage (% of people living with HIV)","SH.HIV.ARTC.ZS","","","","","","","","","","","","","","","","","","","","","","","","","","","","","","","","","","","","","","","","","18","21","20","24","24","23","22","21","20","23","24","25","27","29","30","33","34","43","",
"Bahrain","BHR","Antiretroviral therapy coverage (% of people living with HIV)","SH.HIV.ARTC.ZS","","","","","","","","","","","","","","","","","","","","","","","","","","","","","","","","","","","","","","","","","10","11","16","13","13","15","17","20","20","25","27","29","31","33","36","41","41","45","",
"Bahamas, The","BHS","Antiretroviral therapy coverage (% of people living with HIV)","SH.HIV.ARTC.ZS","","","","","","","","","","","","","","","","","","","","","","","","","","","","","","","","","","","","","","","","","1","2","2","14","17","20","25","25","29","33","24","24","29","35","42","42","42","57","",
"Bosnia and Herzegovina","BIH","Antiretroviral therapy coverage (% of people living with HIV)","SH.HIV.ARTC.ZS","","","","","","","","","","","","","","","","","","","","","","","","","","","","","","","","","","","","","","","","","","","","","","","","","","","","","","","","","","","",
"Belarus","BLR","Antiretroviral therapy coverage (% of people living with HIV)","SH.HIV.ARTC.ZS","","","","","","","","","","","","","","","","","","","","","","","","","","","","","","","","","","","","","","","","","0","0","0","1","3","5","14","16","19","22","27","28","31","33","33","36","38","46","",
"Belize","BLZ","Antiretroviral therapy coverage (% of people living with HIV)","SH.HIV.ARTC.ZS","","","","","","","","","","","","","","","","","","","","","","","","","","","","","","","","","","","","","","","","","1","1","3","8","7","12","14","15","18","23","25","26","27","28","29","30","31","31","",
"Bermuda","BMU","Antiretroviral therapy coverage (% of people living with HIV)","SH.HIV.ARTC.ZS","","","","","","","","","","","","","","","","","","","","","","","","","","","","","","","","","","","","","","","","","","","","","","","","","","","","","","","","","","","",
"Bolivia","BOL","Antiretroviral therapy coverage (% of people living with HIV)","SH.HIV.ARTC.ZS","","","","","","","","","","","","","","","","","","","","","","","","","","","","","","","","","","","","","","","","","0","0","1","1","1","2","3","3","4","7","7","7","13","16","20","27","32","36","",
"Brazil","BRA","Antiretroviral therapy coverage (% of people living with HIV)","SH.HIV.ARTC.ZS","","","","","","","","","","","","","","","","","","","","","","","","","","","","","","","","","","","","","","","","","27","30","31","32","34","35","33","33","33","35","38","40","43","47","51","57","60","64","",
"Barbados","BRB","Antiretroviral therapy coverage (% of people living with HIV)","SH.HIV.ARTC.ZS","","","","","","","","","","","","","","","","","","","","","","","","","","","","","","","","","","","","","","","","","0","1","6","34","38","38","38","38","40","41","43","43","45","45","44","44","45","49","",
"Brunei Darussalam","BRN","Antiretroviral therapy coverage (% of people living with HIV)","SH.HIV.ARTC.ZS","","","","","","","","","","","","","","","","","","","","","","","","","","","","","","","","","","","","","","","","","","","","","","","","","","","","","","","","","","","",
"Bhutan","BTN","Antiretroviral therapy coverage (% of people living with HIV)","SH.HIV.ARTC.ZS","","","","","","","","","","","","","","","","","","","","","","","","","","","","","","","","","","","","","","","","","","","","","","","","","","","","","","","","","","","",
"Botswana","BWA","Antiretroviral therapy coverage (% of people living with HIV)","SH.HIV.ARTC.ZS","","","","","","","","","","","","","","","","","","","","","","","","","","","","","","","","","","","","","","","","","0","1","2","6","12","19","25","30","37","44","50","54","61","65","69","76","80","84","",
"Central African Republic","CAF","Antiretroviral therapy coverage (% of people living with HIV)","SH.HIV.ARTC.ZS","","","","","","","","","","","","","","","","","","","","","","","","","","","","","","","","","","","","","","","","","0","0","0","0","0","1","2","4","9","10","12","11","13","14","21","25","28","32","",
"Canada","CAN","Antiretroviral therapy coverage (% of people living with HIV)","SH.HIV.ARTC.ZS","","","","","","","","","","","","","","","","","","","","","","","","","","","","","","","","","","","","","","","","","","","","","","","","","","","","","","","","","","","",
"Central Europe and the Baltics","CEB","Antiretroviral therapy coverage (% of people living with HIV)","SH.HIV.ARTC.ZS","","","","","","","","","","","","","","","","","","","","","","","","","","","","","","","","","","","","","","","","","","","","","","","","","","","","","","","","","","","",
"Switzerland","CHE","Antiretroviral therapy coverage (% of people living with HIV)","SH.HIV.ARTC.ZS","","","","","","","","","","","","","","","","","","","","","","","","","","","","","","","","","","","","","","","","","","","","","","","","","","","","","","","","","","","",
"Channel Islands","CHI","Antiretroviral therapy coverage (% of people living with HIV)","SH.HIV.ARTC.ZS","","","","","","","","","","","","","","","","","","","","","","","","","","","","","","","","","","","","","","","","","","","","","","","","","","","","","","","","","","","",
"Chile","CHL","Antiretroviral therapy coverage (% of people living with HIV)","SH.HIV.ARTC.ZS","","","","","","","","","","","","","","","","","","","","","","","","","","","","","","","","","","","","","","","","","46","51","55","58","61","63","65","67","67","68","67","67","65","64","63","61","59","59","",
"China","CHN","Antiretroviral therapy coverage (% of people living with HIV)","SH.HIV.ARTC.ZS","","","","","","","","","","","","","","","","","","","","","","","","","","","","","","","","","","","","","","","","","","","","","","","","","","","","","","","","","","","",
"Cote d'Ivoire","CIV","Antiretroviral therapy coverage (% of people living with HIV)","SH.HIV.ARTC.ZS","","","","","","","","","","","","","","","","","","","","","","","","","","","","","","","","","","","","","","","","","0","0","1","1","2","7","10","13","20","18","17","20","22","22","28","32","38","46","",
"Cameroon","CMR","Antiretroviral therapy coverage (% of people living with HIV)","SH.HIV.ARTC.ZS","","","","","","","","","","","","","","","","","","","","","","","","","","","","","","","","","","","","","","","","","0","0","0","0","3","5","6","9","12","15","17","20","23","25","28","33","40","49","",
"Congo, Dem. Rep.","COD","Antiretroviral therapy coverage (% of people living with HIV)","SH.HIV.ARTC.ZS","","","","","","","","","","","","","","","","","","","","","","","","","","","","","","","","","","","","","","","","","0","0","0","0","1","2","3","4","5","7","9","11","15","18","24","30","40","55","",
"Congo, Rep.","COG","Antiretroviral therapy coverage (% of people living with HIV)","SH.HIV.ARTC.ZS","","","","","","","","","","","","","","","","","","","","","","","","","","","","","","","","","","","","","","","","","0","0","0","1","1","4","4","6","12","15","18","19","19","21","21","27","21","29","",
"Colombia","COL","Antiretroviral therapy coverage (% of people living with HIV)","SH.HIV.ARTC.ZS","","","","","","","","","","","","","","","","","","","","","","","","","","","","","","","","","","","","","","","","","0","1","2","3","4","6","10","9","9","11","16","22","26","32","37","44","50","54","",
"Comoros","COM","Antiretroviral therapy coverage (% of people living with HIV)","SH.HIV.ARTC.ZS","","","","","","","","","","","","","","","","","","","","","","","","","","","","","","","","","","","","","","","","","0","0","0","0","0","2","3","5","6","6","8","10","13","15","16","22","24","27","",
"Cabo Verde","CPV","Antiretroviral therapy coverage (% of people living with HIV)","SH.HIV.ARTC.ZS","","","","","","","","","","","","","","","","","","","","","","","","","","","","","","","","","","","","","","","","","0","0","0","0","0","6","10","14","19","21","26","31","38","44","53","58","69","75","",
"Costa Rica","CRI","Antiretroviral therapy coverage (% of people living with HIV)","SH.HIV.ARTC.ZS","","","","","","","","","","","","","","","","","","","","","","","","","","","","","","","","","","","","","","","","","11","14","17","20","22","25","26","28","29","31","46","46","45","46","46","52","53","54","",
"Caribbean small states","CSS","Antiretroviral therapy coverage (% of people living with HIV)","SH.HIV.ARTC.ZS","","","","","","","","","","","","","","","","","","","","","","","","","","","","","","","","","","","","","","","","","0.115452930728242","0.347457627118644","0.967970330411328","3.57797560171447","5.97049180327869","10.1368760064412","13.3344051446945","16.5680379746835","19.7527386541471","24.2957317073171","26.6923076923077","29.5059701492537","32.9675516224189","35.6418128654971","38.1030478955007","40.0229885057471","42.9857346647646","45.1276595744681","",
"Cuba","CUB","Antiretroviral therapy coverage (% of people living with HIV)","SH.HIV.ARTC.ZS","","","","","","","","","","","","","","","","","","","","","","","","","","","","","","","","","","","","","","","","","1","7","14","18","20","25","25","27","30","33","36","40","42","45","51","57","61","66","",
"Curacao","CUW","Antiretroviral therapy coverage (% of people living with HIV)","SH.HIV.ARTC.ZS","","","","","","","","","","","","","","","","","","","","","","","","","","","","","","","","","","","","","","","","","","","","","","","","","","","","","","","","","","","",
"Cayman Islands","CYM","Antiretroviral therapy coverage (% of people living with HIV)","SH.HIV.ARTC.ZS","","","","","","","","","","","","","","","","","","","","","","","","","","","","","","","","","","","","","","","","","","","","","","","","","","","","","","","","","","","",
"Cyprus","CYP","Antiretroviral therapy coverage (% of people living with HIV)","SH.HIV.ARTC.ZS","","","","","","","","","","","","","","","","","","","","","","","","","","","","","","","","","","","","","","","","","27","29","31","33","35","37","39","33","33","34","35","37","39","40","40","46","61","65","",
"Czech Republic","CZE","Antiretroviral therapy coverage (% of people living with HIV)","SH.HIV.ARTC.ZS","","","","","","","","","","","","","","","","","","","","","","","","","","","","","","","","","","","","","","","","","43","42","41","39","38","40","63","57","50","44","52","59","55","55","57","59","68","74","",
"Germany","DEU","Antiretroviral therapy coverage (% of people living with HIV)","SH.HIV.ARTC.ZS","","","","","","","","","","","","","","","","","","","","","","","","","","","","","","","","","","","","","","","","","69","69","67","65","63","60","58","60","61","63","65","67","68","70","71","72","74","74","",
"Djibouti","DJI","Antiretroviral therapy coverage (% of people living with HIV)","SH.HIV.ARTC.ZS","","","","","","","","","","","","","","","","","","","","","","","","","","","","","","","","","","","","","","","","","0","0","0","1","1","2","4","6","8","9","10","11","13","15","17","21","24","27","",
"Dominica","DMA","Antiretroviral therapy coverage (% of people living with HIV)","SH.HIV.ARTC.ZS","","","","","","","","","","","","","","","","","","","","","","","","","","","","","","","","","","","","","","","","","","","","","","","","","","","","","","","","","","","",
"Denmark","DNK","Antiretroviral therapy coverage (% of people living with HIV)","SH.HIV.ARTC.ZS","","","","","","","","","","","","","","","","","","","","","","","","","","","","","","","","","","","","","","","","","42","43","44","46","47","48","50","51","55","59","63","67","70","71","76","80","83","86","",
"Dominican Republic","DOM","Antiretroviral therapy coverage (% of people living with HIV)","SH.HIV.ARTC.ZS","","","","","","","","","","","","","","","","","","","","","","","","","","","","","","","","","","","","","","","","","0","0","0","0","0","2","4","8","11","14","18","21","25","28","33","39","45","52","",
"Algeria","DZA","Antiretroviral therapy coverage (% of people living with HIV)","SH.HIV.ARTC.ZS","","","","","","","","","","","","","","","","","","","","","","","","","","","","","","","","","","","","","","","","","7","9","9","10","12","14","18","19","19","23","31","33","38","48","57","66","76","80","",
"East Asia & Pacific (excluding high income)","EAP","Antiretroviral therapy coverage (% of people living with HIV)","SH.HIV.ARTC.ZS","","","","","","","","","","","","","","","","","","","","","","","","","","","","","","","","","","","","","","","","","","","","","","","","","","","","","","","","","","","",
"Early-demographic dividend","EAR","Antiretroviral therapy coverage (% of people living with HIV)","SH.HIV.ARTC.ZS","","","","","","","","","","","","","","","","","","","","","","","","","","","","","","","","","","","","","","","","","0.221923196356485","0.316348410856616","0.421423651478877","1.01718872419693","2.01379719781525","3.45268586162441","6.08409970487233","9.36941220054334","13.4743234637429","18.1825493468032","24.6328415746164","31.0998575229344","36.1660681907064","40.8948495757982","45.782969585596","50.5438965358717","55.5647319949646","61.0731358340531","",
"East Asia & Pacific","EAS","Antiretroviral therapy coverage (% of people living with HIV)","SH.HIV.ARTC.ZS","","","","","","","","","","","","","","","","","","","","","","","","","","","","","","","","","","","","","","","","","","","","","","","","","","","","","","","","","","","",
"Europe & Central Asia (excluding high income)","ECA","Antiretroviral therapy coverage (% of people living with HIV)","SH.HIV.ARTC.ZS","","","","","","","","","","","","","","","","","","","","","","","","","","","","","","","","","","","","","","","","","1.13923679347667","1.24955912732403","1.62252824858757","1.75736850356667","2.31892114843176","2.75589116000521","4.6994755218331","6.6521545608813","8.93989085105288","10.4360929252792","12.1820192414022","14.9206332919484","17.4136588955155","21.1865082963097","24.3716360529688","25.8474860335196","32.9083763754772","37.3171911136029","",
"Europe & Central Asia","ECS","Antiretroviral therapy coverage (% of people living with HIV)","SH.HIV.ARTC.ZS","","","","","","","","","","","","","","","","","","","","","","","","","","","","","","","","","","","","","","","","","21.4656062853689","22.1523724105285","23.0226165622825","23.0167819706499","23.9367737292998","24.5824924908721","26.0833694663368","27.9901138170426","29.4720508548356","30.6852086056954","32.7695108395402","34.3901031737486","36.5508063102012","39.6430739514349","42.0699695902863","43.0678288628813","48.5013377777558","51.7349447624621","",
"Ecuador","ECU","Antiretroviral therapy coverage (% of people living with HIV)","SH.HIV.ARTC.ZS","","","","","","","","","","","","","","","","","","","","","","","","","","","","","","","","","","","","","","","","","1","1","1","1","3","4","6","10","14","18","24","30","30","32","38","46","48","54","",
"Egypt, Arab Rep.","EGY","Antiretroviral therapy coverage (% of people living with HIV)","SH.HIV.ARTC.ZS","","","","","","","","","","","","","","","","","","","","","","","","","","","","","","","","","","","","","","","","","0","0","0","0","0","0","4","4","5","5","8","9","10","11","15","17","22","24","",
"Euro area","EMU","Antiretroviral therapy coverage (% of people living with HIV)","SH.HIV.ARTC.ZS","","","","","","","","","","","","","","","","","","","","","","","","","","","","","","","","","","","","","","","","","39.3179905312993","42.5528177849149","45.1275314469065","47.4193415070946","49.502380952381","51.49948801966","53.4881141045959","55.7431728317505","58.1306590783918","60.210784576129","63.8596104937956","65.7289771766695","68.3684253848053","71.6629505879329","73.2685746836223","75.2589396184337","78.8972689671649","81.4638555109419","",
"Eritrea","ERI","Antiretroviral therapy coverage (% of people living with HIV)","SH.HIV.ARTC.ZS","","","","","","","","","","","","","","","","","","","","","","","","","","","","","","","","","","","","","","","","","0","0","0","0","0","3","7","13","19","25","32","38","44","50","55","60","62","62","",
"Spain","ESP","Antiretroviral therapy coverage (% of people living with HIV)","SH.HIV.ARTC.ZS","","","","","","","","","","","","","","","","","","","","","","","","","","","","","","","","","","","","","","","","","30","34","38","42","46","49","52","55","58","61","65","66","69","71","72","75","78","82","",
"Estonia","EST","Antiretroviral therapy coverage (% of people living with HIV)","SH.HIV.ARTC.ZS","","","","","","","","","","","","","","","","","","","","","","","","","","","","","","","","","","","","","","","","","1","1","1","2","3","7","11","17","23","29","38","44","50","52","57","65","70","72","",
"Ethiopia","ETH","Antiretroviral therapy coverage (% of people living with HIV)","SH.HIV.ARTC.ZS","","","","","","","","","","","","","","","","","","","","","","","","","","","","","","","","","","","","","","","","","0","0","0","0","1","2","6","12","18","25","32","40","44","49","57","62","68","71","",
"European Union","EUU","Antiretroviral therapy coverage (% of people living with HIV)","SH.HIV.ARTC.ZS","","","","","","","","","","","","","","","","","","","","","","","","","","","","","","","","","","","","","","","","","39.6377671906448","42.9702960678114","45.5679248682492","47.9114545171962","49.9986186978088","51.8435185551903","53.7588641625686","55.7374155978707","58.1256773508057","60.0132788208819","63.5079370290723","65.3208792991564","67.8672880954262","71.1122194513716","72.7896920305902","74.8636596167619","78.4432141275307","81.1206664494283","",
"Fragile and conflict affected situations","FCS","Antiretroviral therapy coverage (% of people living with HIV)","SH.HIV.ARTC.ZS","","","","","","","","","","","","","","","","","","","","","","","","","","","","","","","","","","","","","","","","","0.000256868845451217","0.0236418154924214","0.185354777103587","0.271664694026493","1.12255441027599","2.36989951493202","4.54967663855376","7.1207406136186","10.6649281920503","13.1067292407842","17.309399794642","21.73026931865","24.3240844733305","31.1451229039115","37.1729752816187","43.1947057458544","50.040764487422","57.6278414559454","",
"Finland","FIN","Antiretroviral therapy coverage (% of people living with HIV)","SH.HIV.ARTC.ZS","","","","","","","","","","","","","","","","","","","","","","","","","","","","","","","","","","","","","","","","","","","","","","","","","","","","","","","","","","","",
"Fiji","FJI","Antiretroviral therapy coverage (% of people living with HIV)","SH.HIV.ARTC.ZS","","","","","","","","","","","","","","","","","","","","","","","","","","","","","","","","","","","","","","","","","","","","","","","","","","","","","","","","","","","",
"France","FRA","Antiretroviral therapy coverage (% of people living with HIV)","SH.HIV.ARTC.ZS","","","","","","","","","","","","","","","","","","","","","","","","","","","","","","","","","","","","","","","","","58","62","63","64","64","65","65","66","67","67","70","71","73","75","77","78","79","81","",
"Faroe Islands","FRO","Antiretroviral therapy coverage (% of people living with HIV)","SH.HIV.ARTC.ZS","","","","","","","","","","","","","","","","","","","","","","","","","","","","","","","","","","","","","","","","","","","","","","","","","","","","","","","","","","","",
"Micronesia, Fed. Sts.","FSM","Antiretroviral therapy coverage (% of people living with HIV)","SH.HIV.ARTC.ZS","","","","","","","","","","","","","","","","","","","","","","","","","","","","","","","","","","","","","","","","","","","","","","","","","","","","","","","","","","","",
"Gabon","GAB","Antiretroviral therapy coverage (% of people living with HIV)","SH.HIV.ARTC.ZS","","","","","","","","","","","","","","","","","","","","","","","","","","","","","","","","","","","","","","","","","0","0","1","2","7","14","16","18","20","25","26","29","32","41","43","51","55","59","",
"United Kingdom","GBR","Antiretroviral therapy coverage (% of people living with HIV)","SH.HIV.ARTC.ZS","","","","","","","","","","","","","","","","","","","","","","","","","","","","","","","","","","","","","","","","","","","","","","","","","","","","","","","","","","","",
"Georgia","GEO","Antiretroviral therapy coverage (% of people living with HIV)","SH.HIV.ARTC.ZS","","","","","","","","","","","","","","","","","","","","","","","","","","","","","","","","","","","","","","","","","0","0","0","0","2","5","8","9","11","12","14","16","22","25","29","32","36","39","",
"Ghana","GHA","Antiretroviral therapy coverage (% of people living with HIV)","SH.HIV.ARTC.ZS","","","","","","","","","","","","","","","","","","","","","","","","","","","","","","","","","","","","","","","","","0","0","0","0","1","1","2","4","7","10","13","19","23","24","27","26","32","40","",
"Gibraltar","GIB","Antiretroviral therapy coverage (% of people living with HIV)","SH.HIV.ARTC.ZS","","","","","","","","","","","","","","","","","","","","","","","","","","","","","","","","","","","","","","","","","","","","","","","","","","","","","","","","","","","",
"Guinea","GIN","Antiretroviral therapy coverage (% of people living with HIV)","SH.HIV.ARTC.ZS","","","","","","","","","","","","","","","","","","","","","","","","","","","","","","","","","","","","","","","","","0","0","0","1","1","2","5","5","9","15","19","22","26","26","29","31","32","35","",
"Gambia, The","GMB","Antiretroviral therapy coverage (% of people living with HIV)","SH.HIV.ARTC.ZS","","","","","","","","","","","","","","","","","","","","","","","","","","","","","","","","","","","","","","","","","0","0","0","0","0","2","2","3","5","6","10","16","19","19","22","24","29","32","",
"Guinea-Bissau","GNB","Antiretroviral therapy coverage (% of people living with HIV)","SH.HIV.ARTC.ZS","","","","","","","","","","","","","","","","","","","","","","","","","","","","","","","","","","","","","","","","","0","0","0","0","0","0","1","3","6","8","10","13","17","18","21","24","30","30","",
"Equatorial Guinea","GNQ","Antiretroviral therapy coverage (% of people living with HIV)","SH.HIV.ARTC.ZS","","","","","","","","","","","","","","","","","","","","","","","","","","","","","","","","","","","","","","","","","0","0","0","0","1","2","3","6","7","11","7","11","15","26","25","22","29","38","",
"Greece","GRC","Antiretroviral therapy coverage (% of people living with HIV)","SH.HIV.ARTC.ZS","","","","","","","","","","","","","","","","","","","","","","","","","","","","","","","","","","","","","","","","","48","48","48","47","46","46","46","46","48","48","50","51","54","57","59","62","65","67","",
"Grenada","GRD","Antiretroviral therapy coverage (% of people living with HIV)","SH.HIV.ARTC.ZS","","","","","","","","","","","","","","","","","","","","","","","","","","","","","","","","","","","","","","","","","","","","","","","","","","","","","","","","","","","",
"Greenland","GRL","Antiretroviral therapy coverage (% of people living with HIV)","SH.HIV.ARTC.ZS","","","","","","","","","","","","","","","","","","","","","","","","","","","","","","","","","","","","","","","","","","","","","","","","","","","","","","","","","","","",
"Guatemala","GTM","Antiretroviral therapy coverage (% of people living with HIV)","SH.HIV.ARTC.ZS","","","","","","","","","","","","","","","","","","","","","","","","","","","","","","","","","","","","","","","","","0","0","0","12","11","11","15","22","27","28","30","33","35","37","38","36","39","39","",
"Guam","GUM","Antiretroviral therapy coverage (% of people living with HIV)","SH.HIV.ARTC.ZS","","","","","","","","","","","","","","","","","","","","","","","","","","","","","","","","","","","","","","","","","","","","","","","","","","","","","","","","","","","",
"Guyana","GUY","Antiretroviral therapy coverage (% of people living with HIV)","SH.HIV.ARTC.ZS","","","","","","","","","","","","","","","","","","","","","","","","","","","","","","","","","","","","","","","","","0","0","0","3","11","24","29","34","41","44","46","50","52","55","56","58","61","64","",
"High income","HIC","Antiretroviral therapy coverage (% of people living with HIV)","SH.HIV.ARTC.ZS","","","","","","","","","","","","","","","","","","","","","","","","","","","","","","","","","","","","","","","","","","","","","","","","","","","","","","","","","","","",
"Hong Kong SAR, China","HKG","Antiretroviral therapy coverage (% of people living with HIV)","SH.HIV.ARTC.ZS","","","","","","","","","","","","","","","","","","","","","","","","","","","","","","","","","","","","","","","","","","","","","","","","","","","","","","","","","","","",
"Honduras","HND","Antiretroviral therapy coverage (% of people living with HIV)","SH.HIV.ARTC.ZS","","","","","","","","","","","","","","","","","","","","","","","","","","","","","","","","","","","","","","","","","0","0","1","6","8","12","16","20","23","27","30","34","37","41","43","46","49","52","",
"Heavily indebted poor countries (HIPC)","HPC","Antiretroviral therapy coverage (% of people living with HIV)","SH.HIV.ARTC.ZS","","","","","","","","","","","","","","","","","","","","","","","","","","","","","","","","","","","","","","","","","0","0.10080727361683","0.278413035488218","0.544022195894975","1.89716243161716","3.72217470983506","6.15533931377021","10.2739700927349","14.4134258463219","17.5093395298954","21.124418673103","24.9486913230399","29.9171476429768","35.8574845112329","42.4118178133176","48.0625963927189","54.1917115502437","60.6727028839705","",
"Croatia","HRV","Antiretroviral therapy coverage (% of people living with HIV)","SH.HIV.ARTC.ZS","","","","","","","","","","","","","","","","","","","","","","","","","","","","","","","","","","","","","","","","","","","","","","","","","","","","","","","","","","","",
"Haiti","HTI","Antiretroviral therapy coverage (% of people living with HIV)","SH.HIV.ARTC.ZS","","","","","","","","","","","","","","","","","","","","","","","","","","","","","","","","","","","","","","","","","0","0","1","1","2","4","8","12","16","21","22","26","32","39","44","48","57","64","",
"Hungary","HUN","Antiretroviral therapy coverage (% of people living with HIV)","SH.HIV.ARTC.ZS","","","","","","","","","","","","","","","","","","","","","","","","","","","","","","","","","","","","","","","","","42","43","40","37","35","33","36","36","36","37","39","43","43","45","51","59","59","62","",
"IBRD only","IBD","Antiretroviral therapy coverage (% of people living with HIV)","SH.HIV.ARTC.ZS","","","","","","","","","","","","","","","","","","","","","","","","","","","","","","","","","","","","","","","","","","","","","","","","","","","","","","","","","","","",
"IDA & IBRD total","IBT","Antiretroviral therapy coverage (% of people living with HIV)","SH.HIV.ARTC.ZS","","","","","","","","","","","","","","","","","","","","","","","","","","","","","","","","","","","","","","","","","0.530610854413032","0.720813824145692","0.916021165063688","1.47756260642358","2.75627188214199","4.4254428957716","6.9374049743763","10.0207216026687","13.8302810302319","17.5049621013231","22.2512997449366","27.0575330551887","31.6119619320981","36.6566508121467","41.6861916555558","46.7180861052496","51.9526883401442","57.2783882069192","",
"IDA total","IDA","Antiretroviral therapy coverage (% of people living with HIV)","SH.HIV.ARTC.ZS","","","","","","","","","","","","","","","","","","","","","","","","","","","","","","","","","","","","","","","","","0","0.0608466551893753","0.166932361648827","0.511084682706675","1.81590229800578","3.44201343763027","6.09326485350765","9.38476923076923","13.3362401609935","16.7390860538452","20.997521507211","25.1091852669956","29.5266869200891","35.149215653091","40.8349463760005","46.3326109002601","52.2709541434066","58.0699966491555","",
"IDA blend","IDB","Antiretroviral therapy coverage (% of people living with HIV)","SH.HIV.ARTC.ZS","","","","","","","","","","","","","","","","","","","","","","","","","","","","","","","","","","","","","","","","","0","9.63283121542643E-05","0.000382249166681086","0.452647745615822","1.82281148065488","3.1372743910135","5.92425404127532","7.73656239060561","11.3728742592115","15.1016728743899","20.2094165040599","24.8359120010043","28.329717630854","33.334574462361","37.4317926732783","42.6906633418261","47.9046938981102","52.8096133843805","",
"Indonesia","IDN","Antiretroviral therapy coverage (% of people living with HIV)","SH.HIV.ARTC.ZS","","","","","","","","","","","","","","","","","","","","","","","","","","","","","","","","","","","","","","","","","0","0","0","0","0","0","1","2","2","3","4","5","5","6","8","10","12","14","",
"IDA only","IDX","Antiretroviral therapy coverage (% of people living with HIV)","SH.HIV.ARTC.ZS","","","","","","","","","","","","","","","","","","","","","","","","","","","","","","","","","","","","","","","","","0","0.0995822379119347","0.273518900689586","0.548314629178482","1.8114396314479","3.63567274914778","6.19889386936078","10.4241977241255","14.5506150704716","17.7361161347084","21.4814617978722","25.275546172731","30.2461590569109","36.2413330496008","42.8417602488291","48.5215172001846","54.9085205967371","61.2317262416756","",
"Isle of Man","IMN","Antiretroviral therapy coverage (% of people living with HIV)","SH.HIV.ARTC.ZS","","","","","","","","","","","","","","","","","","","","","","","","","","","","","","","","","","","","","","","","","","","","","","","","","","","","","","","","","","","",
"India","IND","Antiretroviral therapy coverage (% of people living with HIV)","SH.HIV.ARTC.ZS","","","","","","","","","","","","","","","","","","","","","","","","","","","","","","","","","","","","","","","","","0","0","0","0","0","1","3","5","9","13","18","23","28","35","39","43","49","56","",
"Not classified","INX","Antiretroviral therapy coverage (% of people living with HIV)","SH.HIV.ARTC.ZS","","","","","","","","","","","","","","","","","","","","","","","","","","","","","","","","","","","","","","","","","","","","","","","","","","","","","","","","","","","",
"Ireland","IRL","Antiretroviral therapy coverage (% of people living with HIV)","SH.HIV.ARTC.ZS","","","","","","","","","","","","","","","","","","","","","","","","","","","","","","","","","","","","","","","","","45","50","53","55","57","57","58","58","58","58","58","60","63","65","68","70","71","73","",
"Iran, Islamic Rep.","IRN","Antiretroviral therapy coverage (% of people living with HIV)","SH.HIV.ARTC.ZS","","","","","","","","","","","","","","","","","","","","","","","","","","","","","","","","","","","","","","","","","0","0","0","0","0","1","1","1","2","3","4","5","7","8","10","13","16","19","",
"Iraq","IRQ","Antiretroviral therapy coverage (% of people living with HIV)","SH.HIV.ARTC.ZS","","","","","","","","","","","","","","","","","","","","","","","","","","","","","","","","","","","","","","","","","","","","","","","","","","","","","","","","","","","",
"Iceland","ISL","Antiretroviral therapy coverage (% of people living with HIV)","SH.HIV.ARTC.ZS","","","","","","","","","","","","","","","","","","","","","","","","","","","","","","","","","","","","","","","","","","","","","","","","","","","","","","","","","","","",
"Israel","ISR","Antiretroviral therapy coverage (% of people living with HIV)","SH.HIV.ARTC.ZS","","","","","","","","","","","","","","","","","","","","","","","","","","","","","","","","","","","","","","","","","","","","","","","","","","","","","","","","","","","",
"Italy","ITA","Antiretroviral therapy coverage (% of people living with HIV)","SH.HIV.ARTC.ZS","","","","","","","","","","","","","","","","","","","","","","","","","","","","","","","","","","","","","","","","","23","27","31","35","39","42","46","49","53","56","60","63","66","73","74","76","86","88","",
"Jamaica","JAM","Antiretroviral therapy coverage (% of people living with HIV)","SH.HIV.ARTC.ZS","","","","","","","","","","","","","","","","","","","","","","","","","","","","","","","","","","","","","","","","","0","0","0","0","1","4","6","9","11","15","17","20","23","25","27","29","33","34","",
"Jordan","JOR","Antiretroviral therapy coverage (% of people living with HIV)","SH.HIV.ARTC.ZS","","","","","","","","","","","","","","","","","","","","","","","","","","","","","","","","","","","","","","","","","","","","","","","","","","","","","","","","","","","",
"Japan","JPN","Antiretroviral therapy coverage (% of people living with HIV)","SH.HIV.ARTC.ZS","","","","","","","","","","","","","","","","","","","","","","","","","","","","","","","","","","","","","","","","","25","34","40","45","49","52","54","56","57","58","59","59","60","61","61","75","82","82","",
"Kazakhstan","KAZ","Antiretroviral therapy coverage (% of people living with HIV)","SH.HIV.ARTC.ZS","","","","","","","","","","","","","","","","","","","","","","","","","","","","","","","","","","","","","","","","","0","0","0","0","0","3","3","4","5","8","10","12","16","22","25","29","33","43","",
"Kenya","KEN","Antiretroviral therapy coverage (% of people living with HIV)","SH.HIV.ARTC.ZS","","","","","","","","","","","","","","","","","","","","","","","","","","","","","","","","","","","","","","","","","0","0","0","0","2","4","9","13","18","24","32","39","43","46","52","61","69","75","",
"Kyrgyz Republic","KGZ","Antiretroviral therapy coverage (% of people living with HIV)","SH.HIV.ARTC.ZS","","","","","","","","","","","","","","","","","","","","","","","","","","","","","","","","","","","","","","","","","0","0","0","0","0","0","1","2","3","4","6","7","9","14","22","32","32","39","",
"Cambodia","KHM","Antiretroviral therapy coverage (% of people living with HIV)","SH.HIV.ARTC.ZS","","","","","","","","","","","","","","","","","","","","","","","","","","","","","","","","","","","","","","","","","0","0","0","2","7","14","24","33","40","47","55","60","65","69","74","78","83","87","",
"Kiribati","KIR","Antiretroviral therapy coverage (% of people living with HIV)","SH.HIV.ARTC.ZS","","","","","","","","","","","","","","","","","","","","","","","","","","","","","","","","","","","","","","","","","","","","","","","","","","","","","","","","","","","",
"St. Kitts and Nevis","KNA","Antiretroviral therapy coverage (% of people living with HIV)","SH.HIV.ARTC.ZS","","","","","","","","","","","","","","","","","","","","","","","","","","","","","","","","","","","","","","","","","","","","","","","","","","","","","","","","","","","",
"Korea, Rep.","KOR","Antiretroviral therapy coverage (% of people living with HIV)","SH.HIV.ARTC.ZS","","","","","","","","","","","","","","","","","","","","","","","","","","","","","","","","","","","","","","","","","","","","","","","","","","","","","","","","","","","",
"Kuwait","KWT","Antiretroviral therapy coverage (% of people living with HIV)","SH.HIV.ARTC.ZS","","","","","","","","","","","","","","","","","","","","","","","","","","","","","","","","","","","","","","","","","60","64","77","61","75","82","77","71","56","64","56","68","66","70","66","61","66","64","",
"Latin America & Caribbean (excluding high income)","LAC","Antiretroviral therapy coverage (% of people living with HIV)","SH.HIV.ARTC.ZS","","","","","","","","","","","","","","","","","","","","","","","","","","","","","","","","","","","","","","","","","10.9103864072349","12.8956453851492","14.3780904020644","16.3296774717686","18.1863693075483","20.3673039289478","21.9004953379953","24.1134921753842","26.0240519303041","28.9380999668984","32.3728008218826","35.2993058138093","38.9284302569324","42.7125731163491","46.5255371807852","51.9622910386407","56.2529162248144","60.3511573472042","",
"Lao PDR","LAO","Antiretroviral therapy coverage (% of people living with HIV)","SH.HIV.ARTC.ZS","","","","","","","","","","","","","","","","","","","","","","","","","","","","","","","","","","","","","","","","","0","0","0","1","3","5","7","9","12","15","17","19","22","25","29","34","40","47","",
"Lebanon","LBN","Antiretroviral therapy coverage (% of people living with HIV)","SH.HIV.ARTC.ZS","","","","","","","","","","","","","","","","","","","","","","","","","","","","","","","","","","","","","","","","","2","5","8","12","15","17","19","23","26","30","34","37","40","43","46","49","55","61","",
"Liberia","LBR","Antiretroviral therapy coverage (% of people living with HIV)","SH.HIV.ARTC.ZS","","","","","","","","","","","","","","","","","","","","","","","","","","","","","","","","","","","","","","","","","0","0","0","0","0","0","2","3","4","6","10","13","13","15","17","18","20","29","",
"Libya","LBY","Antiretroviral therapy coverage (% of people living with HIV)","SH.HIV.ARTC.ZS","","","","","","","","","","","","","","","","","","","","","","","","","","","","","","","","","","","","","","","","","","","","","","","","","","","","","","","","","","","",
"St. Lucia","LCA","Antiretroviral therapy coverage (% of people living with HIV)","SH.HIV.ARTC.ZS","","","","","","","","","","","","","","","","","","","","","","","","","","","","","","","","","","","","","","","","","","","","","","","","","","","","","","","","","","","",
"Latin America & Caribbean","LCN","Antiretroviral therapy coverage (% of people living with HIV)","SH.HIV.ARTC.ZS","","","","","","","","","","","","","","","","","","","","","","","","","","","","","","","","","","","","","","","","","11.4819760844898","13.4790786312039","15.0352702037446","17.0678968389114","18.9715537730244","21.1711543970209","22.7378048780488","24.9498894620486","26.877618522602","29.81776522285","33.1410498144882","36.0184826615033","39.5776052586842","43.3021129844537","46.9532883911036","52.1278156643935","56.1915530927063","60.1810408013682","",
"Least developed countries: UN classification","LDC","Antiretroviral therapy coverage (% of people living with HIV)","SH.HIV.ARTC.ZS","","","","","","","","","","","","","","","","","","","","","","","","","","","","","","","","","","","","","","","","","0","0.111456713322965","0.215176552249166","0.504302641159727","1.77458884588513","3.40208762773563","6.00635641563352","10.3338767525269","14.2879412522546","17.7546807640266","21.7410042187112","25.4331330821709","30.4904912519518","36.9026140842861","43.5550212704938","49.3887891177257","55.5562286834122","61.6206825753829","",
"Low income","LIC","Antiretroviral therapy coverage (% of people living with HIV)","SH.HIV.ARTC.ZS","","","","","","","","","","","","","","","","","","","","","","","","","","","","","","","","","","","","","","","","","0","0.129696373962429","0.256144749032645","0.3429644030301","1.68328469520104","3.00493797422618","5.49364367419517","9.19758402105011","12.8169476334208","16.0055299776229","19.7087995930824","23.1414738430584","28.5544959128065","35.2827377347062","42.0225375626043","47.5728781186582","54.2308054639661","60.8376865671642","",
"Liechtenstein","LIE","Antiretroviral therapy coverage (% of people living with HIV)","SH.HIV.ARTC.ZS","","","","","","","","","","","","","","","","","","","","","","","","","","","","","","","","","","","","","","","","","","","","","","","","","","","","","","","","","","","",
"Sri Lanka","LKA","Antiretroviral therapy coverage (% of people living with HIV)","SH.HIV.ARTC.ZS","","","","","","","","","","","","","","","","","","","","","","","","","","","","","","","","","","","","","","","","","0","0","0","0","0","1","2","3","3","5","6","8","10","13","17","22","30","37","",
"Lower middle income","LMC","Antiretroviral therapy coverage (% of people living with HIV)","SH.HIV.ARTC.ZS","","","","","","","","","","","","","","","","","","","","","","","","","","","","","","","","","","","","","","","","","0","0.0139728090751477","0.0889312137735639","0.492435326712947","1.4180257229305","3.01060790871533","5.59717461439661","8.24385561909657","12.1755162360998","15.7152078906219","20.3334949218812","24.7579253216586","28.3800942091819","33.2432310269547","37.7031459328862","42.5798992129894","47.7622497371558","52.8769338406684","",
"Low & middle income","LMY","Antiretroviral therapy coverage (% of people living with HIV)","SH.HIV.ARTC.ZS","","","","","","","","","","","","","","","","","","","","","","","","","","","","","","","","","","","","","","","","","0.484323192231212","0.670312795312795","0.85898277003524","1.41672603882903","2.69088872624199","4.35725620179023","6.8680763083221","9.95120099901346","13.7626156978053","17.4368920761248","22.188652424798","27.0007783665181","31.559636636977","36.6093150937177","41.6522986682282","46.6977021230224","51.9466190679248","57.2845558549977","",
"Lesotho","LSO","Antiretroviral therapy coverage (% of people living with HIV)","SH.HIV.ARTC.ZS","","","","","","","","","","","","","","","","","","","","","","","","","","","","","","","","","","","","","","","","","0","0","0","0","1","4","8","17","23","31","37","37","40","43","45","51","67","74","",
"Late-demographic dividend","LTE","Antiretroviral therapy coverage (% of people living with HIV)","SH.HIV.ARTC.ZS","","","","","","","","","","","","","","","","","","","","","","","","","","","","","","","","","","","","","","","","","","","","","","","","","","","","","","","","","","","",
"Lithuania","LTU","Antiretroviral therapy coverage (% of people living with HIV)","SH.HIV.ARTC.ZS","","","","","","","","","","","","","","","","","","","","","","","","","","","","","","","","","","","","","","","","","0","0","0","3","5","5","6","8","10","10","10","13","15","23","17","25","26","29","",
"Luxembourg","LUX","Antiretroviral therapy coverage (% of people living with HIV)","SH.HIV.ARTC.ZS","","","","","","","","","","","","","","","","","","","","","","","","","","","","","","","","","","","","","","","","","51","52","53","51","51","56","59","56","59","59","60","64","67","66","70","71","75","78","",
"Latvia","LVA","Antiretroviral therapy coverage (% of people living with HIV)","SH.HIV.ARTC.ZS","","","","","","","","","","","","","","","","","","","","","","","","","","","","","","","","","","","","","","","","","","","","","","","","","","","","","","","","","","","",
"Macao SAR, China","MAC","Antiretroviral therapy coverage (% of people living with HIV)","SH.HIV.ARTC.ZS","","","","","","","","","","","","","","","","","","","","","","","","","","","","","","","","","","","","","","","","","","","","","","","","","","","","","","","","","","","",
"St. Martin (French part)","MAF","Antiretroviral therapy coverage (% of people living with HIV)","SH.HIV.ARTC.ZS","","","","","","","","","","","","","","","","","","","","","","","","","","","","","","","","","","","","","","","","","","","","","","","","","","","","","","","","","","","",
"Morocco","MAR","Antiretroviral therapy coverage (% of people living with HIV)","SH.HIV.ARTC.ZS","","","","","","","","","","","","","","","","","","","","","","","","","","","","","","","","","","","","","","","","","0","0","0","4","7","8","9","10","13","15","18","22","28","34","38","46","53","57","",
"Monaco","MCO","Antiretroviral therapy coverage (% of people living with HIV)","SH.HIV.ARTC.ZS","","","","","","","","","","","","","","","","","","","","","","","","","","","","","","","","","","","","","","","","","","","","","","","","","","","","","","","","","","","",
"Moldova","MDA","Antiretroviral therapy coverage (% of people living with HIV)","SH.HIV.ARTC.ZS","","","","","","","","","","","","","","","","","","","","","","","","","","","","","","","","","","","","","","","","","0","0","0","1","2","3","4","6","7","10","11","14","17","19","23","28","31","34","",
"Madagascar","MDG","Antiretroviral therapy coverage (% of people living with HIV)","SH.HIV.ARTC.ZS","","","","","","","","","","","","","","","","","","","","","","","","","","","","","","","","","","","","","","","","","0","0","0","0","0","0","1","1","1","1","1","2","2","2","3","4","5","7","",
"Maldives","MDV","Antiretroviral therapy coverage (% of people living with HIV)","SH.HIV.ARTC.ZS","","","","","","","","","","","","","","","","","","","","","","","","","","","","","","","","","","","","","","","","","","","","","","","","","","","","","","","","","","","",
"Middle East & North Africa","MEA","Antiretroviral therapy coverage (% of people living with HIV)","SH.HIV.ARTC.ZS","","","","","","","","","","","","","","","","","","","","","","","","","","","","","","","","","","","","","","","","","0.669527896995708","0.860142554421113","1.09383656509695","","","","","","","","","","","","","","","","",
"Mexico","MEX","Antiretroviral therapy coverage (% of people living with HIV)","SH.HIV.ARTC.ZS","","","","","","","","","","","","","","","","","","","","","","","","","","","","","","","","","","","","","","","","","9","12","15","20","22","24","28","31","34","36","38","40","44","45","47","54","59","62","",
"Marshall Islands","MHL","Antiretroviral therapy coverage (% of people living with HIV)","SH.HIV.ARTC.ZS","","","","","","","","","","","","","","","","","","","","","","","","","","","","","","","","","","","","","","","","","","","","","","","","","","","","","","","","","","","",
"Middle income","MIC","Antiretroviral therapy coverage (% of people living with HIV)","SH.HIV.ARTC.ZS","","","","","","","","","","","","","","","","","","","","","","","","","","","","","","","","","","","","","","","","","0.675499565119879","0.879626144907435","1.08692646241362","1.82237524565918","3.06214780108403","4.8556879000401","7.37457559236132","10.2252241369146","14.1053525637351","17.95888231098","23.085156461897","28.383118874964","32.6318065883409","37.0849110317503","41.5198786357871","46.3912603681975","51.1527288235207","56.0485063350701","",
"North Macedonia","MKD","Antiretroviral therapy coverage (% of people living with HIV)","SH.HIV.ARTC.ZS","","","","","","","","","","","","","","","","","","","","","","","","","","","","","","","","","","","","","","","","","7","7","7","7","2","7","10","13","17","16","21","23","28","31","35","43","49","52","",
"Mali","MLI","Antiretroviral therapy coverage (% of people living with HIV)","SH.HIV.ARTC.ZS","","","","","","","","","","","","","","","","","","","","","","","","","","","","","","","","","","","","","","","","","0","0","0","1","3","3","8","12","16","19","22","25","24","23","25","28","29","32","",
"Malta","MLT","Antiretroviral therapy coverage (% of people living with HIV)","SH.HIV.ARTC.ZS","","","","","","","","","","","","","","","","","","","","","","","","","","","","","","","","","","","","","","","","","","","","","","","","","","","","","","","","","","","",
"Myanmar","MMR","Antiretroviral therapy coverage (% of people living with HIV)","SH.HIV.ARTC.ZS","","","","","","","","","","","","","","","","","","","","","","","","","","","","","","","","","","","","","","","","","0","0","0","0","0","1","3","5","7","10","14","19","25","32","40","49","58","66","",
"Middle East & North Africa (excluding high income)","MNA","Antiretroviral therapy coverage (% of people living with HIV)","SH.HIV.ARTC.ZS","","","","","","","","","","","","","","","","","","","","","","","","","","","","","","","","","","","","","","","","","0.381581946660588","0.61250242671326","0.684247293049249","1.75602027883397","2.4658942795076","3.50299401197605","4.48011782032401","5.06941176470588","6.59060402684564","8.01273885350319","10.1742268041237","11.9548133595285","14.8080229226361","17.8515123739688","21.3579040852575","26.103595890411","30.9314049586777","34.2469831053902","",
"Montenegro","MNE","Antiretroviral therapy coverage (% of people living with HIV)","SH.HIV.ARTC.ZS","","","","","","","","","","","","","","","","","","","","","","","","","","","","","","","","","","","","","","","","","17","20","21","24","26","26","26","27","29","30","35","34","35","39","43","46","54","59","",
"Mongolia","MNG","Antiretroviral therapy coverage (% of people living with HIV)","SH.HIV.ARTC.ZS","","","","","","","","","","","","","","","","","","","","","","","","","","","","","","","","","","","","","","","","","0","0","0","4","3","2","2","2","3","4","8","10","11","18","22","24","25","28","",
"Northern Mariana Islands","MNP","Antiretroviral therapy coverage (% of people living with HIV)","SH.HIV.ARTC.ZS","","","","","","","","","","","","","","","","","","","","","","","","","","","","","","","","","","","","","","","","","","","","","","","","","","","","","","","","","","","",
"Mozambique","MOZ","Antiretroviral therapy coverage (% of people living with HIV)","SH.HIV.ARTC.ZS","","","","","","","","","","","","","","","","","","","","","","","","","","","","","","","","","","","","","","","","","0","0","0","0","1","1","3","6","9","10","12","15","16","26","32","39","48","54","",
"Mauritania","MRT","Antiretroviral therapy coverage (% of people living with HIV)","SH.HIV.ARTC.ZS","","","","","","","","","","","","","","","","","","","","","","","","","","","","","","","","","","","","","","","","","0","0","0","0","0","2","4","6","8","11","13","14","15","19","21","24","27","33","",
"Mauritius","MUS","Antiretroviral therapy coverage (% of people living with HIV)","SH.HIV.ARTC.ZS","","","","","","","","","","","","","","","","","","","","","","","","","","","","","","","","","","","","","","","","","","","","","","","","","","","","","","","","","","","",
"Malawi","MWI","Antiretroviral therapy coverage (% of people living with HIV)","SH.HIV.ARTC.ZS","","","","","","","","","","","","","","","","","","","","","","","","","","","","","","","","","","","","","","","","","0","0","0","0","1","3","7","12","18","23","28","35","43","49","55","59","66","71","",
"Malaysia","MYS","Antiretroviral therapy coverage (% of people living with HIV)","SH.HIV.ARTC.ZS","","","","","","","","","","","","","","","","","","","","","","","","","","","","","","","","","","","","","","","","","0","2","3","5","7","9","10","12","13","15","16","18","18","21","26","31","43","45","",
"North America","NAC","Antiretroviral therapy coverage (% of people living with HIV)","SH.HIV.ARTC.ZS","","","","","","","","","","","","","","","","","","","","","","","","","","","","","","","","","","","","","","","","","","","","","","","","","","","","","","","","","","","",
"Namibia","NAM","Antiretroviral therapy coverage (% of people living with HIV)","SH.HIV.ARTC.ZS","","","","","","","","","","","","","","","","","","","","","","","","","","","","","","","","","","","","","","","","","0","0","0","0","4","9","17","28","36","40","51","61","66","70","70","76","77","84","",
"New Caledonia","NCL","Antiretroviral therapy coverage (% of people living with HIV)","SH.HIV.ARTC.ZS","","","","","","","","","","","","","","","","","","","","","","","","","","","","","","","","","","","","","","","","","","","","","","","","","","","","","","","","","","","",
"Niger","NER","Antiretroviral therapy coverage (% of people living with HIV)","SH.HIV.ARTC.ZS","","","","","","","","","","","","","","","","","","","","","","","","","","","","","","","","","","","","","","","","","0","0","0","0","0","2","4","6","7","17","19","25","30","33","31","35","43","52","",
"Nigeria","NGA","Antiretroviral therapy coverage (% of people living with HIV)","SH.HIV.ARTC.ZS","","","","","","","","","","","","","","","","","","","","","","","","","","","","","","","","","","","","","","","","","0","0","0","1","2","3","5","5","8","10","12","14","17","22","24","27","31","33","",
"Nicaragua","NIC","Antiretroviral therapy coverage (% of people living with HIV)","SH.HIV.ARTC.ZS","","","","","","","","","","","","","","","","","","","","","","","","","","","","","","","","","","","","","","","","","0","0","0","0","1","2","3","6","8","12","15","19","24","27","33","37","43","48","",
"Netherlands","NLD","Antiretroviral therapy coverage (% of people living with HIV)","SH.HIV.ARTC.ZS","","","","","","","","","","","","","","","","","","","","","","","","","","","","","","","","","","","","","","","","","42","45","47","49","50","51","52","54","57","60","64","66","69","73","76","79","80","80","",
"Norway","NOR","Antiretroviral therapy coverage (% of people living with HIV)","SH.HIV.ARTC.ZS","","","","","","","","","","","","","","","","","","","","","","","","","","","","","","","","","","","","","","","","","42","52","61","68","74","79","82","85","87","89","88","87","86","86","85","85","85","90","",
"Nepal","NPL","Antiretroviral therapy coverage (% of people living with HIV)","SH.HIV.ARTC.ZS","","","","","","","","","","","","","","","","","","","","","","","","","","","","","","","","","","","","","","","","","0","0","0","0","0","1","2","4","7","10","14","19","23","26","31","37","41","49","",
"Nauru","NRU","Antiretroviral therapy coverage (% of people living with HIV)","SH.HIV.ARTC.ZS","","","","","","","","","","","","","","","","","","","","","","","","","","","","","","","","","","","","","","","","","","","","","","","","","","","","","","","","","","","",
"New Zealand","NZL","Antiretroviral therapy coverage (% of people living with HIV)","SH.HIV.ARTC.ZS","","","","","","","","","","","","","","","","","","","","","","","","","","","","","","","","","","","","","","","","","37","39","39","40","42","45","46","49","52","56","61","64","66","67","68","70","71","78","",
"OECD members","OED","Antiretroviral therapy coverage (% of people living with HIV)","SH.HIV.ARTC.ZS","","","","","","","","","","","","","","","","","","","","","","","","","","","","","","","","","","","","","","","","","","","","","","","","","","","","","","","","","","","",
"Oman","OMN","Antiretroviral therapy coverage (% of people living with HIV)","SH.HIV.ARTC.ZS","","","","","","","","","","","","","","","","","","","","","","","","","","","","","","","","","","","","","","","","","","","","","","","","","","","","","","","","","","","",
"Other small states","OSS","Antiretroviral therapy coverage (% of people living with HIV)","SH.HIV.ARTC.ZS","","","","","","","","","","","","","","","","","","","","","","","","","","","","","","","","","","","","","","","","","0.0289540354686934","0.507984613591328","0.998663101604278","2.46880530973451","5.63437088996054","10.345785440613","15.3811017037734","21.7448089700997","27.6071789534779","33.3776117637783","40.031644973535","43.7224719824218","48.4962734288864","52.4311400977005","55.879294043492","62.16901591637","69.6553732133404","75.7186545518891","",
"Pakistan","PAK","Antiretroviral therapy coverage (% of people living with HIV)","SH.HIV.ARTC.ZS","","","","","","","","","","","","","","","","","","","","","","","","","","","","","","","","","","","","","","","","","0","1","3","5","4","1","1","2","2","2","3","3","4","3","5","5","7","8","",
"Panama","PAN","Antiretroviral therapy coverage (% of people living with HIV)","SH.HIV.ARTC.ZS","","","","","","","","","","","","","","","","","","","","","","","","","","","","","","","","","","","","","","","","","10","11","13","14","15","17","19","20","22","28","29","32","33","38","39","42","48","53","",
"Peru","PER","Antiretroviral therapy coverage (% of people living with HIV)","SH.HIV.ARTC.ZS","","","","","","","","","","","","","","","","","","","","","","","","","","","","","","","","","","","","","","","","","0","0","1","3","2","5","7","12","15","22","29","31","39","40","46","52","59","67","",
"Philippines","PHL","Antiretroviral therapy coverage (% of people living with HIV)","SH.HIV.ARTC.ZS","","","","","","","","","","","","","","","","","","","","","","","","","","","","","","","","","","","","","","","","","0","0","0","0","0","1","4","6","7","7","8","13","15","18","22","26","31","36","",
"Palau","PLW","Antiretroviral therapy coverage (% of people living with HIV)","SH.HIV.ARTC.ZS","","","","","","","","","","","","","","","","","","","","","","","","","","","","","","","","","","","","","","","","","","","","","","","","","","","","","","","","","","","",
"Papua New Guinea","PNG","Antiretroviral therapy coverage (% of people living with HIV)","SH.HIV.ARTC.ZS","","","","","","","","","","","","","","","","","","","","","","","","","","","","","","","","","","","","","","","","","0","0","0","0","0","1","4","10","13","17","20","24","29","36","43","48","52","55","",
"Poland","POL","Antiretroviral therapy coverage (% of people living with HIV)","SH.HIV.ARTC.ZS","","","","","","","","","","","","","","","","","","","","","","","","","","","","","","","","","","","","","","","","","","","","","","","","","","","","","","","","","","","",
"Pre-demographic dividend","PRE","Antiretroviral therapy coverage (% of people living with HIV)","SH.HIV.ARTC.ZS","","","","","","","","","","","","","","","","","","","","","","","","","","","","","","","","","","","","","","","","","0","0.0796347590827106","0.205214949095203","0.615664902388843","1.94493810993671","3.57850068518749","6.01091116735601","9.00332532791428","12.7697429568344","15.6237502061129","19.0668372900303","22.5069443434505","26.8747198114834","32.4714522222694","37.9948964692467","43.5789510016429","49.0790742264256","54.6474079669774","",
"Puerto Rico","PRI","Antiretroviral therapy coverage (% of people living with HIV)","SH.HIV.ARTC.ZS","","","","","","","","","","","","","","","","","","","","","","","","","","","","","","","","","","","","","","","","","","","","","","","","","","","","","","","","","","","",
"Korea, Dem. People’s Rep.","PRK","Antiretroviral therapy coverage (% of people living with HIV)","SH.HIV.ARTC.ZS","","","","","","","","","","","","","","","","","","","","","","","","","","","","","","","","","","","","","","","","","","","","","","","","","","","","","","","","","","","",
"Portugal","PRT","Antiretroviral therapy coverage (% of people living with HIV)","SH.HIV.ARTC.ZS","","","","","","","","","","","","","","","","","","","","","","","","","","","","","","","","","","","","","","","","","19","22","25","28","31","35","38","41","44","47","53","58","63","68","72","76","80","90","",
"Paraguay","PRY","Antiretroviral therapy coverage (% of people living with HIV)","SH.HIV.ARTC.ZS","","","","","","","","","","","","","","","","","","","","","","","","","","","","","","","","","","","","","","","","","0","0","0","0","0","4","6","8","11","15","19","19","21","24","27","29","33","39","",
"West Bank and Gaza","PSE","Antiretroviral therapy coverage (% of people living with HIV)","SH.HIV.ARTC.ZS","","","","","","","","","","","","","","","","","","","","","","","","","","","","","","","","","","","","","","","","","","","","","","","","","","","","","","","","","","","",
"Pacific island small states","PSS","Antiretroviral therapy coverage (% of people living with HIV)","SH.HIV.ARTC.ZS","","","","","","","","","","","","","","","","","","","","","","","","","","","","","","","","","","","","","","","","","","","","","","","","","","","","","","","","","","","",
"Post-demographic dividend","PST","Antiretroviral therapy coverage (% of people living with HIV)","SH.HIV.ARTC.ZS","","","","","","","","","","","","","","","","","","","","","","","","","","","","","","","","","","","","","","","","","","","","","","","","","","","","","","","","","","","",
"French Polynesia","PYF","Antiretroviral therapy coverage (% of people living with HIV)","SH.HIV.ARTC.ZS","","","","","","","","","","","","","","","","","","","","","","","","","","","","","","","","","","","","","","","","","","","","","","","","","","","","","","","","","","","",
"Qatar","QAT","Antiretroviral therapy coverage (% of people living with HIV)","SH.HIV.ARTC.ZS","","","","","","","","","","","","","","","","","","","","","","","","","","","","","","","","","","","","","","","","","49","45","54","51","54","53","54","57","55","53","51","49","50","54","52","52","52","54","",
"Romania","ROU","Antiretroviral therapy coverage (% of people living with HIV)","SH.HIV.ARTC.ZS","","","","","","","","","","","","","","","","","","","","","","","","","","","","","","","","","","","","","","","","","58","68","74","79","83","78","74","64","67","60","57","56","56","60","63","68","70","76","",
"Russian Federation","RUS","Antiretroviral therapy coverage (% of people living with HIV)","SH.HIV.ARTC.ZS","","","","","","","","","","","","","","","","","","","","","","","","","","","","","","","","","","","","","","","","","0","0","1","1","1","2","5","8","11","12","13","16","17","20","23","25","32","36","",
"Rwanda","RWA","Antiretroviral therapy coverage (% of people living with HIV)","SH.HIV.ARTC.ZS","","","","","","","","","","","","","","","","","","","","","","","","","","","","","","","","","","","","","","","","","0","0","0","0","3","9","16","23","31","37","43","48","55","61","67","73","81","83","",
"South Asia","SAS","Antiretroviral therapy coverage (% of people living with HIV)","SH.HIV.ARTC.ZS","","","","","","","","","","","","","","","","","","","","","","","","","","","","","","","","","","","","","","","","","0","0.000195068289890666","0.000775785283065852","0.00181105732819652","0.00366984946821163","0.997758789746463","2.96500112536574","4.93436008845094","8.81762698253363","12.66715917259","17.4547262032972","22.2067515766044","26.9392695937628","33.3620256399336","37.1246396472783","40.8030578198251","46.376860338014","52.5334058759521","",
"Saudi Arabia","SAU","Antiretroviral therapy coverage (% of people living with HIV)","SH.HIV.ARTC.ZS","","","","","","","","","","","","","","","","","","","","","","","","","","","","","","","","","","","","","","","","","","","","","","","","","","","","","","","","","","","",
"Sudan","SDN","Antiretroviral therapy coverage (% of people living with HIV)","SH.HIV.ARTC.ZS","","","","","","","","","","","","","","","","","","","","","","","","","","","","","","","","","","","","","","","","","0","0","0","0","0","0","0","0","3","6","6","6","6","8","9","9","12","15","",
"Senegal","SEN","Antiretroviral therapy coverage (% of people living with HIV)","SH.HIV.ARTC.ZS","","","","","","","","","","","","","","","","","","","","","","","","","","","","","","","","","","","","","","","","","0","1","1","1","1","1","1","16","19","22","25","28","26","30","36","41","48","54","",
"Singapore","SGP","Antiretroviral therapy coverage (% of people living with HIV)","SH.HIV.ARTC.ZS","","","","","","","","","","","","","","","","","","","","","","","","","","","","","","","","","","","","","","","","","2","2","2","2","3","3","4","9","15","19","20","23","28","54","61","72","75","77","",
"Solomon Islands","SLB","Antiretroviral therapy coverage (% of people living with HIV)","SH.HIV.ARTC.ZS","","","","","","","","","","","","","","","","","","","","","","","","","","","","","","","","","","","","","","","","","","","","","","","","","","","","","","","","","","","",
"Sierra Leone","SLE","Antiretroviral therapy coverage (% of people living with HIV)","SH.HIV.ARTC.ZS","","","","","","","","","","","","","","","","","","","","","","","","","","","","","","","","","","","","","","","","","0","0","0","0","0","1","2","2","4","7","10","14","14","15","18","23","30","39","",
"El Salvador","SLV","Antiretroviral therapy coverage (% of people living with HIV)","SH.HIV.ARTC.ZS","","","","","","","","","","","","","","","","","","","","","","","","","","","","","","","","","","","","","","","","","0","1","2","4","9","15","21","26","30","36","41","41","42","44","45","45","48","48","",
"San Marino","SMR","Antiretroviral therapy coverage (% of people living with HIV)","SH.HIV.ARTC.ZS","","","","","","","","","","","","","","","","","","","","","","","","","","","","","","","","","","","","","","","","","","","","","","","","","","","","","","","","","","","",
"Somalia","SOM","Antiretroviral therapy coverage (% of people living with HIV)","SH.HIV.ARTC.ZS","","","","","","","","","","","","","","","","","","","","","","","","","","","","","","","","","","","","","","","","","0","0","0","0","0","0","1","1","2","3","6","8","10","13","15","19","23","28","",
"Serbia","SRB","Antiretroviral therapy coverage (% of people living with HIV)","SH.HIV.ARTC.ZS","","","","","","","","","","","","","","","","","","","","","","","","","","","","","","","","","","","","","","","","","0","0","0","37","47","56","54","53","53","52","53","53","53","54","55","57","61","64","",
"Sub-Saharan Africa (excluding high income)","SSA","Antiretroviral therapy coverage (% of people living with HIV)","SH.HIV.ARTC.ZS","","","","","","","","","","","","","","","","","","","","","","","","","","","","","","","","","","","","","","","","","0","0.069098703967125","0.167083687598688","0.687459791751054","2.01267231137679","3.59768385239466","6.16657516550945","9.43793679489233","13.4877312979865","17.3507749783184","22.4618339394203","27.6453159508545","32.5453357225677","37.7474448639393","43.2107002903494","48.6374035242467","53.9356371898516","59.5412996496922","",
"South Sudan","SSD","Antiretroviral therapy coverage (% of people living with HIV)","SH.HIV.ARTC.ZS","","","","","","","","","","","","","","","","","","","","","","","","","","","","","","","","","","","","","","","","","0","0","0","0","0","0","0","0","0","1","1","2","3","4","7","11","11","13","",
"Sub-Saharan Africa","SSF","Antiretroviral therapy coverage (% of people living with HIV)","SH.HIV.ARTC.ZS","","","","","","","","","","","","","","","","","","","","","","","","","","","","","","","","","","","","","","","","","0","0.069098703967125","0.167083687598688","0.687459791751054","2.01267231137679","3.59768385239466","6.16657516550945","9.43793679489233","13.4877312979865","17.3507749783184","22.4618339394203","27.6453159508545","32.5453357225677","37.7474448639393","43.2107002903494","48.6374035242467","53.9356371898516","59.5412996496922","",
"Small states","SST","Antiretroviral therapy coverage (% of people living with HIV)","SH.HIV.ARTC.ZS","","","","","","","","","","","","","","","","","","","","","","","","","","","","","","","","","","","","","","","","","0.0344554902846814","0.497655142327408","0.996760439744179","2.53855244334792","5.65543455927676","10.3328341818908","15.2561586024144","21.4260522213562","27.1351191203995","32.8260942012886","39.2476597404439","42.89758467494","47.620032458075","51.4967984443775","54.9184083349024","60.9831509947837","68.2557328202556","74.1447795722073","",
"Sao Tome and Principe","STP","Antiretroviral therapy coverage (% of people living with HIV)","SH.HIV.ARTC.ZS","","","","","","","","","","","","","","","","","","","","","","","","","","","","","","","","","","","","","","","","","","","","","","","","","","","","","","","","","","","",
"Suriname","SUR","Antiretroviral therapy coverage (% of people living with HIV)","SH.HIV.ARTC.ZS","","","","","","","","","","","","","","","","","","","","","","","","","","","","","","","","","","","","","","","","","0","0","1","4","6","9","13","18","23","26","29","33","35","34","38","40","51","51","",
"Slovak Republic","SVK","Antiretroviral therapy coverage (% of people living with HIV)","SH.HIV.ARTC.ZS","","","","","","","","","","","","","","","","","","","","","","","","","","","","","","","","","","","","","","","","","13","13","14","15","43","37","48","42","37","38","39","38","43","48","53","59","60","75","",
"Slovenia","SVN","Antiretroviral therapy coverage (% of people living with HIV)","SH.HIV.ARTC.ZS","","","","","","","","","","","","","","","","","","","","","","","","","","","","","","","","","","","","","","","","","23","24","24","24","25","25","34","33","30","31","41","41","42","46","50","53","58","70","",
"Sweden","SWE","Antiretroviral therapy coverage (% of people living with HIV)","SH.HIV.ARTC.ZS","","","","","","","","","","","","","","","","","","","","","","","","","","","","","","","","","","","","","","","","","","","","","","","","","","","","","","","","","","","",
"Eswatini","SWZ","Antiretroviral therapy coverage (% of people living with HIV)","SH.HIV.ARTC.ZS","","","","","","","","","","","","","","","","","","","","","","","","","","","","","","","","","","","","","","","","","0","1","2","3","4","8","13","17","22","27","37","40","44","49","58","67","76","85","",
"Sint Maarten (Dutch part)","SXM","Antiretroviral therapy coverage (% of people living with HIV)","SH.HIV.ARTC.ZS","","","","","","","","","","","","","","","","","","","","","","","","","","","","","","","","","","","","","","","","","","","","","","","","","","","","","","","","","","","",
"Seychelles","SYC","Antiretroviral therapy coverage (% of people living with HIV)","SH.HIV.ARTC.ZS","","","","","","","","","","","","","","","","","","","","","","","","","","","","","","","","","","","","","","","","","","","","","","","","","","","","","","","","","","","",
"Syrian Arab Republic","SYR","Antiretroviral therapy coverage (% of people living with HIV)","SH.HIV.ARTC.ZS","","","","","","","","","","","","","","","","","","","","","","","","","","","","","","","","","","","","","","","","","","","","","","","","","","","","","","","","","","","",
"Turks and Caicos Islands","TCA","Antiretroviral therapy coverage (% of people living with HIV)","SH.HIV.ARTC.ZS","","","","","","","","","","","","","","","","","","","","","","","","","","","","","","","","","","","","","","","","","","","","","","","","","","","","","","","","","","","",
"Chad","TCD","Antiretroviral therapy coverage (% of people living with HIV)","SH.HIV.ARTC.ZS","","","","","","","","","","","","","","","","","","","","","","","","","","","","","","","","","","","","","","","","","0","0","0","2","0","2","5","7","18","24","30","31","34","37","44","54","39","45","",
"East Asia & Pacific (IDA & IBRD countries)","TEA","Antiretroviral therapy coverage (% of people living with HIV)","SH.HIV.ARTC.ZS","","","","","","","","","","","","","","","","","","","","","","","","","","","","","","","","","","","","","","","","","","","","","","","","","","","","","","","","","","","",
"Europe & Central Asia (IDA & IBRD countries)","TEC","Antiretroviral therapy coverage (% of people living with HIV)","SH.HIV.ARTC.ZS","","","","","","","","","","","","","","","","","","","","","","","","","","","","","","","","","","","","","","","","","1.13923679347667","1.24955912732403","1.62252824858757","1.75736850356667","2.31892114843176","2.75589116000521","4.6994755218331","6.6521545608813","8.93989085105288","10.4360929252792","12.1820192414022","14.9206332919484","17.4136588955155","21.1865082963097","24.3716360529688","25.8474860335196","32.9083763754772","37.3171911136029","",
"Togo","TGO","Antiretroviral therapy coverage (% of people living with HIV)","SH.HIV.ARTC.ZS","","","","","","","","","","","","","","","","","","","","","","","","","","","","","","","","","","","","","","","","","0","0","0","1","2","4","5","6","9","14","19","22","25","29","33","38","48","57","",
"Thailand","THA","Antiretroviral therapy coverage (% of people living with HIV)","SH.HIV.ARTC.ZS","","","","","","","","","","","","","","","","","","","","","","","","","","","","","","","","","","","","","","","","","0","1","2","4","9","17","22","27","32","36","40","45","48","53","58","63","68","72","",
"Tajikistan","TJK","Antiretroviral therapy coverage (% of people living with HIV)","SH.HIV.ARTC.ZS","","","","","","","","","","","","","","","","","","","","","","","","","","","","","","","","","","","","","","","","","0","0","0","0","0","0","0","1","1","1","2","7","8","10","15","21","26","33","",
"Turkmenistan","TKM","Antiretroviral therapy coverage (% of people living with HIV)","SH.HIV.ARTC.ZS","","","","","","","","","","","","","","","","","","","","","","","","","","","","","","","","","","","","","","","","","","","","","","","","","","","","","","","","","","","",
"Latin America & the Caribbean (IDA & IBRD countries)","TLA","Antiretroviral therapy coverage (% of people living with HIV)","SH.HIV.ARTC.ZS","","","","","","","","","","","","","","","","","","","","","","","","","","","","","","","","","","","","","","","","","11.5738686388449","13.5618625647885","15.0992146177272","17.0625390869293","18.9575170757337","21.1348493626883","22.698401570387","24.9188382193268","26.8276043378245","29.7624960203757","33.1310361862418","36.0050673661619","39.5758483608919","43.3044495182937","46.9176031986168","52.0990265719548","56.1774275546518","60.1175504107543","",
"Timor-Leste","TLS","Antiretroviral therapy coverage (% of people living with HIV)","SH.HIV.ARTC.ZS","","","","","","","","","","","","","","","","","","","","","","","","","","","","","","","","","","","","","","","","","","","","","","","","","","","","","","","","","","","",
"Middle East & North Africa (IDA & IBRD countries)","TMN","Antiretroviral therapy coverage (% of people living with HIV)","SH.HIV.ARTC.ZS","","","","","","","","","","","","","","","","","","","","","","","","","","","","","","","","","","","","","","","","","0.381581946660588","0.61250242671326","0.684247293049249","1.75602027883397","2.4658942795076","3.50299401197605","4.48011782032401","5.06941176470588","6.59060402684564","8.01273885350319","10.1742268041237","11.9548133595285","14.8080229226361","17.8515123739688","21.3579040852575","26.103595890411","30.9314049586777","34.2469831053902","",
"Tonga","TON","Antiretroviral therapy coverage (% of people living with HIV)","SH.HIV.ARTC.ZS","","","","","","","","","","","","","","","","","","","","","","","","","","","","","","","","","","","","","","","","","","","","","","","","","","","","","","","","","","","",
"South Asia (IDA & IBRD)","TSA","Antiretroviral therapy coverage (% of people living with HIV)","SH.HIV.ARTC.ZS","","","","","","","","","","","","","","","","","","","","","","","","","","","","","","","","","","","","","","","","","0","0.000195068289890666","0.000775785283065852","0.00181105732819652","0.00366984946821163","0.997758789746463","2.96500112536574","4.93436008845094","8.81762698253363","12.66715917259","17.4547262032972","22.2067515766044","26.9392695937628","33.3620256399336","37.1246396472783","40.8030578198251","46.376860338014","52.5334058759521","",
"Sub-Saharan Africa (IDA & IBRD countries)","TSS","Antiretroviral therapy coverage (% of people living with HIV)","SH.HIV.ARTC.ZS","","","","","","","","","","","","","","","","","","","","","","","","","","","","","","","","","","","","","","","","","0","0.069098703967125","0.167083687598688","0.687459791751054","2.01267231137679","3.59768385239466","6.16657516550945","9.43793679489233","13.4877312979865","17.3507749783184","22.4618339394203","27.6453159508545","32.5453357225677","37.7474448639393","43.2107002903494","48.6374035242467","53.9356371898516","59.5412996496922","",
"Trinidad and Tobago","TTO","Antiretroviral therapy coverage (% of people living with HIV)","SH.HIV.ARTC.ZS","","","","","","","","","","","","","","","","","","","","","","","","","","","","","","","","","","","","","","","","","0","1","4","8","12","16","20","24","27","34","43","46","52","57","60","63","62","62","",
"Tunisia","TUN","Antiretroviral therapy coverage (% of people living with HIV)","SH.HIV.ARTC.ZS","","","","","","","","","","","","","","","","","","","","","","","","","","","","","","","","","","","","","","","","","0","11","14","16","17","19","18","19","20","23","24","25","21","23","26","28","31","31","",
"Turkey","TUR","Antiretroviral therapy coverage (% of people living with HIV)","SH.HIV.ARTC.ZS","","","","","","","","","","","","","","","","","","","","","","","","","","","","","","","","","","","","","","","","","","","","","","","","","","","","","","","","","","","",
"Tuvalu","TUV","Antiretroviral therapy coverage (% of people living with HIV)","SH.HIV.ARTC.ZS","","","","","","","","","","","","","","","","","","","","","","","","","","","","","","","","","","","","","","","","","","","","","","","","","","","","","","","","","","","",
"Tanzania","TZA","Antiretroviral therapy coverage (% of people living with HIV)","SH.HIV.ARTC.ZS","","","","","","","","","","","","","","","","","","","","","","","","","","","","","","","","","","","","","","","","","0","0","0","0","1","1","5","11","12","15","19","20","32","38","47","53","59","66","",
"Uganda","UGA","Antiretroviral therapy coverage (% of people living with HIV)","SH.HIV.ARTC.ZS","","","","","","","","","","","","","","","","","","","","","","","","","","","","","","","","","","","","","","","","","0","1","2","2","6","10","9","11","15","17","21","23","31","41","50","55","62","72","",
"Ukraine","UKR","Antiretroviral therapy coverage (% of people living with HIV)","SH.HIV.ARTC.ZS","","","","","","","","","","","","","","","","","","","","","","","","","","","","","","","","","","","","","","","","","0","0","0","0","1","1","2","3","4","6","9","11","17","23","27","25","35","40","",
"Upper middle income","UMC","Antiretroviral therapy coverage (% of people living with HIV)","SH.HIV.ARTC.ZS","","","","","","","","","","","","","","","","","","","","","","","","","","","","","","","","","","","","","","","","","","","","","","","","","","","","","","","","","","","",
"Uruguay","URY","Antiretroviral therapy coverage (% of people living with HIV)","SH.HIV.ARTC.ZS","","","","","","","","","","","","","","","","","","","","","","","","","","","","","","","","","","","","","","","","","24","23","22","22","21","20","20","20","20","20","21","25","38","44","45","51","52","57","",
"United States","USA","Antiretroviral therapy coverage (% of people living with HIV)","SH.HIV.ARTC.ZS","","","","","","","","","","","","","","","","","","","","","","","","","","","","","","","","","","","","","","","","","","","","","","","","","","","","","","","","","","","",
"Uzbekistan","UZB","Antiretroviral therapy coverage (% of people living with HIV)","SH.HIV.ARTC.ZS","","","","","","","","","","","","","","","","","","","","","","","","","","","","","","","","","","","","","","","","","0","0","0","0","0","0","1","2","3","3","4","6","9","13","17","20","24","29","",
"St. Vincent and the Grenadines","VCT","Antiretroviral therapy coverage (% of people living with HIV)","SH.HIV.ARTC.ZS","","","","","","","","","","","","","","","","","","","","","","","","","","","","","","","","","","","","","","","","","","","","","","","","","","","","","","","","","","","",
"Venezuela, RB","VEN","Antiretroviral therapy coverage (% of people living with HIV)","SH.HIV.ARTC.ZS","","","","","","","","","","","","","","","","","","","","","","","","","","","","","","","","","","","","","","","","","","","","","","","","","","","","","","","","","","","",
"British Virgin Islands","VGB","Antiretroviral therapy coverage (% of people living with HIV)","SH.HIV.ARTC.ZS","","","","","","","","","","","","","","","","","","","","","","","","","","","","","","","","","","","","","","","","","","","","","","","","","","","","","","","","","","","",
"Virgin Islands (U.S.)","VIR","Antiretroviral therapy coverage (% of people living with HIV)","SH.HIV.ARTC.ZS","","","","","","","","","","","","","","","","","","","","","","","","","","","","","","","","","","","","","","","","","","","","","","","","","","","","","","","","","","","",
"Vietnam","VNM","Antiretroviral therapy coverage (% of people living with HIV)","SH.HIV.ARTC.ZS","","","","","","","","","","","","","","","","","","","","","","","","","","","","","","","","","","","","","","","","","0","0","0","0","0","1","4","8","12","17","21","26","30","34","37","43","47","50","",
"Vanuatu","VUT","Antiretroviral therapy coverage (% of people living with HIV)","SH.HIV.ARTC.ZS","","","","","","","","","","","","","","","","","","","","","","","","","","","","","","","","","","","","","","","","","","","","","","","","","","","","","","","","","","","",
"World","WLD","Antiretroviral therapy coverage (% of people living with HIV)","SH.HIV.ARTC.ZS","","","","","","","","","","","","","","","","","","","","","","","","","","","","","","","","","","","","","","","","","2","2","3","4","5","7","9","12","16","20","25","29","34","39","43","48","53","59","",
"Samoa","WSM","Antiretroviral therapy coverage (% of people living with HIV)","SH.HIV.ARTC.ZS","","","","","","","","","","","","","","","","","","","","","","","","","","","","","","","","","","","","","","","","","","","","","","","","","","","","","","","","","","","",
"Kosovo","XKX","Antiretroviral therapy coverage (% of people living with HIV)","SH.HIV.ARTC.ZS","","","","","","","","","","","","","","","","","","","","","","","","","","","","","","","","","","","","","","","","","","","","","","","","","","","","","","","","","","","",
"Yemen, Rep.","YEM","Antiretroviral therapy coverage (% of people living with HIV)","SH.HIV.ARTC.ZS","","","","","","","","","","","","","","","","","","","","","","","","","","","","","","","","","","","","","","","","","","","","","","","","","","","","","","","","","","","",
"South Africa","ZAF","Antiretroviral therapy coverage (% of people living with HIV)","SH.HIV.ARTC.ZS","","","","","","","","","","","","","","","","","","","","","","","","","","","","","","","","","","","","","","","","","0","0","0","1","2","3","5","8","12","17","24","32","38","42","47","52","56","61","",
"Zambia","ZMB","Antiretroviral therapy coverage (% of people living with HIV)","SH.HIV.ARTC.ZS","","","","","","","","","","","","","","","","","","","","","","","","","","","","","","","","","","","","","","","","","0","0","0","2","3","7","10","19","26","31","37","44","48","54","61","70","72","75","",
"Zimbabwe","ZWE","Antiretroviral therapy coverage (% of people living with HIV)","SH.HIV.ARTC.ZS","","","","","","","","","","","","","","","","","","","","","","","","","","","","","","","","","","","","","","","","","0","0","0","0","1","2","5","8","12","18","30","40","45","53","61","67","74","84","",
